<?xml version="1.0" encoding="UTF-8"?>
<project-private xmlns="http://www.netbeans.org/ns/project-private/1">
    <editor-bookmarks xmlns="http://www.netbeans.org/ns/editor-bookmarks/2" lastBookmarkId="0"/>
    <open-files xmlns="http://www.netbeans.org/ns/projectui-open-files/2">
        <group>
            <file>file:/C:/Users/Clarissa/Documents/Ciclo%20I-2020/Manejo%20de%20estructuras%20de%20datos/Parcial%20Periodo%202%20CM/src/Entidades/Session.java</file>
            <file>file:/C:/Users/Clarissa/Documents/Ciclo%20I-2020/Manejo%20de%20estructuras%20de%20datos/Parcial%20Periodo%202%20CM/src/Entidades/Producto.java</file>
            <file>file:/C:/Users/Clarissa/Documents/Ciclo%20I-2020/Manejo%20de%20estructuras%20de%20datos/Parcial%20Periodo%202%20CM/src/frmVentas/Ventas.java</file>
            <file>file:/C:/Users/Clarissa/Documents/Ciclo%20I-2020/Manejo%20de%20estructuras%20de%20datos/Parcial%20Periodo%202%20CM/src/Entidades/MaestroDetalle.java</file>
        </group>
    </open-files>
</project-private>
